,Coin,Pings,Net Vol BTC,Net Vol %,Recent Total Vol BTC,Recent Vol %,Recent Net Vol,Datetime,id
0,ONE,13,20.38555833,10.8%,0.8276111999999999,0.4%,0.6469775999999999,23:59:36 05/16/20,1481
1,ZIL,0,-14.99444062,-4.7%,20.09480546,4.7%,-14.99444062,00:09:18 05/17/20,4
2,ZIL,1,-14.15947221,-4.1%,2.87875337,0.6%,0.83496841,00:10:19 05/17/20,5
3,NKN,1,0.72697185,0.6%,0.72697185,0.6%,0.72697185,00:10:35 05/17/20,5
4,ZIL,2,-13.48608265,-3.6%,2.09903392,0.5%,0.67338956,00:12:20 05/17/20,7
5,TNT,1,0.96803931,0.9%,0.99020025,0.9%,0.96803931,00:12:36 05/17/20,7
6,PERL,1,0.74177805,3.3%,1.38409407,3.3%,0.74177805,00:14:50 05/17/20,9
7,STEEM,1,0.59508768,2.7%,0.85734132,2.7%,0.59508768,00:15:45 05/17/20,10
8,BNB,1,6.83756461,0.6%,8.69902711,0.6%,6.83756461,00:19:45 05/17/20,14
9,TRX,1,1.0213984,0.5%,1.0213984,0.5%,1.0213984,00:24:36 05/17/20,19
10,SC,1,1.41139218,20.7%,1.41139218,20.7%,1.41139218,00:26:50 05/17/20,21
11,BCH,1,0.70185123,0.4%,2.57384519,0.4%,0.70185123,00:29:36 05/17/20,24
12,CELR,1,1.99227912,2.2%,4.06634592,2.2%,1.99227912,00:29:45 05/17/20,24
13,EOS,1,1.54363748,0.3%,1.63904456,0.3%,1.54363748,00:29:51 05/17/20,24
14,SNT,2,6.54987508,12.9%,2.51368109,4.2%,2.34769943,00:31:44 05/17/20,26
15,ANKR,1,0.72410783,3.9%,0.74286887,3.9%,0.72410783,00:32:21 05/17/20,27
16,ZRX,1,2.51144827,0.1%,3.19779462,0.4%,-1.63467322,00:32:23 05/17/20,27
17,ENJ,2,3.39884374,1.1%,2.3764407000000003,0.7%,2.10357504,00:32:23 05/17/20,27
18,LTC,0,-0.04608718,-0.4%,2.4840362999999996,0.4%,-0.04608718,00:32:24 05/17/20,27
19,BCH,2,2.22711193,1.0%,3.85341924,0.6%,1.5252607,00:32:35 05/17/20,27
20,LINK,0,-7.15161035,-2.0%,15.49647461,2.0%,-7.15161035,00:32:41 05/17/20,27
21,ETH,1,0.78212452,0.4%,17.75495126,0.4%,0.78212452,00:32:45 05/17/20,27
22,XRP,0,-1.6274164,-0.7%,4.4890011,0.7%,-1.6274164,00:32:49 05/17/20,27
23,BAT,1,0.53438438,0.4%,1.22930088,0.4%,0.53438438,00:34:16 05/17/20,29
24,XLM,1,0.53471879,0.5%,1.01033639,0.5%,0.53471879,00:34:29 05/17/20,29
25,ZRX,2,7.02232469,1.0%,6.3183096,0.8%,4.51087642,00:36:23 05/17/20,31
26,ENJ,2,2.9549417,-0.2%,4.65508704,1.4%,-0.44390204,00:36:23 05/17/20,31
27,ENJ,3,3.88271678,0.1%,1.15684108,0.3%,0.92777508,00:37:23 05/17/20,32
28,ADA,3,6.05731385,3.1%,1.28066203,0.5%,0.16588997,00:44:42 05/17/20,39
29,SNT,4,7.74980264,16.5%,0.80711338,1.2%,0.8000744000000001,00:44:44 05/17/20,39
30,SNT,5,8.35349107,18.1%,1.04009699,1.6%,0.60368843,00:46:42 05/17/20,41
31,IOTA,2,3.02796647,4.4%,1.74807557,2.4%,1.67904779,00:47:50 05/17/20,42
32,MATIC,1,3.15388673,0.3%,3.93075895,0.3%,3.15388673,00:49:55 05/17/20,44
33,LTC,2,1.01102744,0.3%,2.15190357,0.3%,0.81157985,00:51:23 05/17/20,46
34,LINK,0,-8.38321192,-2.3%,2.86831977,0.4%,-1.23160157,00:51:41 05/17/20,46
35,EOS,1,1.21032281,-0.1%,2.23990329,0.4%,-0.33331467,00:52:46 05/17/20,47
36,BAT,2,1.85876692,0.9%,1.32438254,0.5%,1.32438254,00:57:16 05/17/20,52
37,NEO,1,3.5378596,1.8%,3.5378596,1.8%,3.5378596,01:01:18 05/17/20,56
38,ENG,0,-2.17061417,-13.2%,3.72433331,13.2%,-2.17061417,01:02:31 05/17/20,57
39,ADA,4,7.35280868,3.5%,1.29549483,0.5%,1.29549483,01:04:43 05/17/20,59
40,LINK,1,-4.29173109,-1.8%,4.09148083,0.5%,4.09148083,01:11:40 05/17/20,66
41,ZIL,2,-21.71246779,-6.7%,3.20442848,0.7%,-0.81183264,01:16:19 05/17/20,71
42,ZEC,0,-3.0556724,-5.3%,6.4535512000000015,5.3%,-3.0556724,01:26:24 05/17/20,81
43,ZEC,1,-1.91487301,-2.2%,4.00046761,3.1%,1.14079939,01:27:24 05/17/20,82
44,ZRX,3,7.60911039,1.3%,2.71260252,0.3%,0.5867857,01:31:23 05/17/20,86
45,ENJ,5,7.7264272,0.8%,1.71405399,0.5%,-0.00227741,01:32:23 05/17/20,87
46,XTZ,2,3.18708903,0.4%,2.95522431,0.4%,0.51815617,01:36:29 05/17/20,91
47,BAND,2,1.29672161,2.6%,0.86232205,1.0%,0.75903833,01:37:20 05/17/20,92
48,ZEC,3,-0.35546644,-0.1%,1.35880877,1.0%,1.35880877,01:39:24 05/17/20,94
49,WAVES,1,0.56422828,2.1%,0.9667128,2.1%,0.56422828,01:42:39 05/17/20,97
50,ZEC,4,0.29007113,0.6%,1.00889697,0.7%,0.64553757,01:48:24 05/17/20,103
51,XLM,2,1.35180291,0.9%,0.84078016,0.4%,0.81708412,01:48:30 05/17/20,103
52,ZEC,4,-2.11385315,-3.8%,6.35327362,4.4%,-2.40392428,01:49:25 05/17/20,104
53,LINK,1,-18.86954628,-5.7%,33.09708875,3.9%,-14.57781519,01:51:42 05/17/20,106
54,LINK,2,-17.18343456,-5.7%,3.48360905,0.4%,2.30106779,01:53:45 05/17/20,108
55,ZEC,5,0.28052367,-1.7%,3.18929196,2.1%,2.39437682,01:54:25 05/17/20,109
56,ALGO,1,0.93209531,0.8%,1.16456735,0.8%,0.93209531,02:01:37 05/17/20,116
57,DOCK,1,0.73134615,2.1%,1.00126957,2.1%,0.73134615,02:04:25 05/17/20,119
58,ZEC,6,1.02341493,-0.3%,2.26826524,1.4%,0.74289126,02:08:26 05/17/20,123
59,DASH,2,1.43294429,1.3%,1.06644693,0.7%,0.55754419,02:11:26 05/17/20,126
60,ICX,1,0.71717908,-1.0%,0.72850494,0.8%,0.72644142,02:11:43 05/17/20,126
61,ETH,1,-6.39179067,-0.5%,15.99429554,0.3%,-5.15877054,02:13:51 05/17/20,128
62,ZIL,3,-17.24595766,-5.8%,4.46651013,0.9%,4.46651013,02:14:19 05/17/20,129
63,ETC,1,0.94316399,0.7%,5.46249307,0.7%,0.94316399,02:16:36 05/17/20,131
64,FET,1,0.30217264,-0.5%,2.1449968,1.3%,-0.02620804,02:16:42 05/17/20,131
65,LINK,2,-18.20424858,-6.0%,2.88680378,0.3%,-1.02081402,02:16:45 05/17/20,131
66,ETH,1,-65.8761077,-1.7%,64.56441777,1.3%,-59.48431703,02:16:49 05/17/20,131
67,HIVE,1,3.07720686,33.7%,11.08038874,33.7%,3.07720686,02:18:43 05/17/20,133
68,ETC,1,-1.32249202,0.0%,5.33135795,0.7%,-2.26565601,02:19:34 05/17/20,134
69,ADA,4,5.30358892,2.2%,3.69793682,1.3%,-2.04921976,02:19:42 05/17/20,134
70,LTC,2,0.84052523,0.0%,2.27611595,0.3%,-0.17050221,02:21:26 05/17/20,136
71,ZEC,8,2.31643274,2.0%,2.27265379,1.3%,0.01907055,02:24:24 05/17/20,139
72,XTZ,3,5.83189087,0.8%,2.8918812999999997,0.4%,2.64480184,02:29:29 05/17/20,144
73,COS,2,1.82210908,1.1%,0.999999,0.6%,0.999999,02:31:33 05/17/20,146
74,ZEC,11,4.85834239,6.9%,1.00012845,0.5%,0.97792667,02:38:24 05/17/20,153
75,DASH,3,2.25449957,1.9%,0.86536932,0.6%,0.82155528,02:38:25 05/17/20,153
76,ZEC,12,5.88028356,7.8%,1.62221023,0.9%,1.02194117,02:39:23 05/17/20,154
77,MTL,2,1.81627031,8.9%,0.72037785,3.3%,0.71478793,02:43:22 05/17/20,158
78,ENJ,5,7.14243043,-0.5%,4.73197311,1.3%,-0.58399677,02:45:24 05/17/20,160
79,ZEC,12,5.06671443,4.7%,5.77252491,3.1%,-0.81356913,02:45:25 05/17/20,160
80,DASH,6,3.39585962,6.6%,4.30317509,2.7%,0.30709817,02:50:25 05/17/20,165
81,MANA,0,-0.25391820000000004,-10.4%,3.54020672,10.4%,-0.25391820000000004,02:51:30 05/17/20,166
82,ZEC,12,4.51323564,3.6%,2.19004687,1.1%,-0.55347879,02:53:24 05/17/20,168
83,DASH,6,2.03228621,4.6%,3.23589037,2.0%,-1.36357341,02:53:25 05/17/20,168
84,NANO,1,0.81120478,0.9%,1.05092918,0.9%,0.81120478,02:55:43 05/17/20,170
85,POLY,2,2.10866519,21.2%,3.22956102,16.8%,1.37130578,02:56:19 05/17/20,171
86,HIVE,2,3.91964613,35.6%,0.85737923,1.9%,0.84243927,03:00:38 05/17/20,175
87,ADA,5,6.34247332,2.6%,1.0388844000000002,0.3%,1.0388844000000002,03:05:41 05/17/20,180
88,BNB,4,22.97333018,1.8%,6.81151457,0.4%,5.95805053,03:10:44 05/17/20,185
89,ETH,2,-50.02426596,-1.4%,16.40173996,0.3%,15.85184174,03:13:46 05/17/20,188
90,EOS,2,1.62898604,-0.2%,3.85223479,0.7%,-1.18229827,03:15:48 05/17/20,190
91,ZIL,4,-15.15579126,-5.4%,2.0901664,0.4%,2.0901664,03:16:19 05/17/20,191
92,EOS,3,8.3085833,1.0%,6.68025156,1.2%,6.67959726,03:18:46 05/17/20,193
93,XTZ,6,20.34365074,3.1%,6.38014697,0.8%,5.61858933,03:23:29 05/17/20,198
94,XVG,1,0.76537053,3.2%,0.76537053,3.2%,0.76537053,03:23:37 05/17/20,198
95,ZEC,15,6.45292833,5.3%,0.9991296,0.5%,0.73186606,03:38:24 05/17/20,213
96,ENJ,6,5.29626567,-0.4%,7.34634461,1.8%,3.04137169,03:40:23 05/17/20,215
97,ETH,2,-66.78961391,-1.8%,19.08249473,0.4%,-16.76534795,03:43:47 05/17/20,218
98,BAT,6,6.64575139,2.9%,2.11098598,0.7%,2.08701868,03:47:16 05/17/20,222
99,ZRX,4,4.65076016,0.7%,3.63243591,0.4%,2.88284115,03:47:23 05/17/20,222
100,ENJ,7,7.30935417,0.1%,2.0130885,0.5%,2.0130885,03:47:23 05/17/20,222
101,ZEC,16,7.83922778,5.9%,1.38629945,0.7%,1.38629945,03:47:24 05/17/20,222
102,XLM,3,2.01758502,-1.3%,1.02516162,0.5%,1.02131142,03:47:29 05/17/20,222
103,ENG,1,-0.85487911,-8.2%,1.73058708,5.0%,1.31573506,03:48:31 05/17/20,223
104,XMR,2,2.45702776,0.8%,1.23090747,0.4%,1.17081107,03:57:46 05/17/20,232
105,XMR,3,3.87597418,1.3%,1.59555714,0.5%,1.41894642,03:58:45 05/17/20,233
106,XMR,5,6.71727997,2.2%,1.60578637,0.5%,1.41161515,04:00:46 05/17/20,235
107,ZEC,17,9.16856745,6.6%,1.32933967,0.6%,1.32933967,04:03:25 05/17/20,238
108,ETC,1,-2.29488549,-0.3%,2.55121527,0.3%,-0.97239347,04:03:35 05/17/20,238
109,ENJ,8,8.99943638,0.6%,1.83014077,0.4%,1.69008221,04:05:25 05/17/20,240
110,TRX,2,2.27594207,1.1%,1.25643081,0.6%,1.25454367,04:05:37 05/17/20,240
111,LINK,5,-12.95259514,-5.1%,7.22248921,0.8%,6.80014031,04:05:43 05/17/20,240
112,ETC,1,-2.50051893,-1.5%,9.68282614,1.2%,-0.20563344,04:10:35 05/17/20,245
113,ETC,1,-4.12273913,-3.2%,2.9116717999999997,0.4%,-0.88607322,04:12:33 05/17/20,247
114,TOMO,1,0.75578552,1.1%,0.75578552,1.1%,0.75578552,04:22:19 05/17/20,257
115,ATOM,1,1.06782183,1.0%,1.06782183,1.0%,1.06782183,04:33:27 05/17/20,268
116,XMR,6,7.68374885,2.5%,1.16638612,0.3%,0.96646888,04:33:46 05/17/20,268
117,CTSI,1,0.87584282,3.0%,0.87584282,3.0%,0.87584282,04:45:30 05/17/20,280
118,THETA,5,7.5830523,3.3%,0.8048915,0.3%,0.8048915,04:45:31 05/17/20,280
119,NANO,2,1.50703498,1.7%,1.00959456,0.8%,0.6958302,04:45:42 05/17/20,280
120,ETH,3,-55.50538114,-1.6%,11.45952395,0.2%,11.28423277,05:04:46 05/17/20,299
121,INS,1,1.39331091,1.2%,1.52941939,1.2%,1.39331091,05:05:23 05/17/20,300
122,WRX,2,1.60874197,1.6%,0.93829734,0.8%,0.9084123,05:24:24 05/17/20,319
123,CTSI,4,3.54715096,11.4%,0.90511064,2.5%,0.77170266,05:24:31 05/17/20,319
124,XMR,7,9.89545739,3.2%,2.2513756000000003,0.6%,2.21170854,05:24:46 05/17/20,319
125,TNT,2,1.7769769,1.5%,0.80893759,0.6%,0.80893759,05:25:36 05/17/20,320
126,XTZ,7,18.41265279,3.0%,10.24961928,1.3%,-3.4823662000000004,05:32:32 05/17/20,327
127,CTSI,5,5.09095576,15.6%,1.62438584,4.2%,1.5438048,05:32:33 05/17/20,327
128,THETA,6,8.73664704,3.7%,1.15819298,0.4%,1.15359474,05:32:35 05/17/20,327
129,THETA,8,10.29587863,4.4%,0.82570687,0.3%,0.79469641,05:34:33 05/17/20,329
130,ZEC,19,13.41283042,8.5%,1.02821706,0.4%,0.98288136,05:35:27 05/17/20,330
131,THETA,9,14.03680611,6.4%,5.3925913,2.1%,3.74092748,05:37:33 05/17/20,332
132,THETA,10,14.84985225,6.8%,0.91290676,0.3%,0.81304614,05:39:32 05/17/20,334
133,THETA,11,15.55257242,7.5%,2.04153231,0.8%,0.70272017,05:40:35 05/17/20,335
134,LOOM,1,1.09949461,7.0%,1.09970575,7.0%,1.09949461,05:42:39 05/17/20,337
135,XMR,8,10.10263688,3.5%,1.19540383,0.3%,0.20717949,05:42:47 05/17/20,337
136,KNC,1,1.2239665000000002,1.5%,1.37842754,1.5%,1.2239665000000002,05:47:41 05/17/20,342
137,ENJ,9,9.00304839,1.0%,1.64092025,0.4%,0.00361201,05:59:23 05/17/20,354
138,LSK,1,2.08482867,42.3%,5.22643909,42.3%,2.08482867,06:00:15 05/17/20,355
139,CTSI,6,5.06678007,14.5%,1.73223979,3.6%,-0.33187185,06:02:32 05/17/20,357
140,MATIC,4,17.20286289,1.2%,7.96801576,0.6%,5.7171312000000025,06:07:53 05/17/20,362
141,DASH,7,2.77932264,3.1%,1.42923411,0.8%,0.78260727,06:09:26 05/17/20,364
142,THETA,13,18.27718065,8.5%,1.31224885,0.5%,1.28154639,06:14:40 05/17/20,369
143,ZEC,21,15.25875562,9.5%,0.95364554,0.4%,0.77163254,06:16:24 05/17/20,371
144,ETC,2,-2.84438905,-2.8%,3.08661908,0.4%,1.27835008,06:17:33 05/17/20,372
145,FET,2,0.7500631999999999,0.2%,1.08151238,0.6%,0.44789056,06:19:43 05/17/20,374
146,IOTA,3,4.20615673,6.0%,1.33413874,1.6%,1.17819026,06:19:55 05/17/20,374
147,DOCK,2,1.48540695,3.5%,0.7540608,1.3%,0.7540608,06:22:26 05/17/20,377
148,ATOM,2,2.09081083,1.9%,1.022989,0.9%,1.022989,06:32:26 05/17/20,387
149,XTZ,8,19.67614507,3.3%,3.09853966,0.4%,1.26349228,06:32:29 05/17/20,387
150,XRP,2,4.88223346,0.5%,6.55565941,0.8%,4.04759583,06:32:53 05/17/20,387
151,XMR,9,11.20650337,3.8%,1.13271995,0.3%,1.10386649,06:34:48 05/17/20,389
152,LTC,2,-1.43648198,-0.5%,4.05656775,0.5%,-2.27700721,06:36:24 05/17/20,391
153,COS,3,2.87824454,2.0%,1.6430453,0.9%,1.05613546,06:39:34 05/17/20,394
154,COS,4,4.88774192,4.2%,3.9340002,2.2%,2.00949738,06:42:31 05/17/20,397
155,XVG,2,5.14384101,19.1%,4.37847048,15.9%,4.37847048,06:42:37 05/17/20,397
156,XRP,3,5.06596799,1.0%,4.21022539,0.5%,0.18373453,06:42:51 05/17/20,397
157,QLC,1,0.70872276,4.2%,0.87237268,4.2%,0.70872276,06:44:54 05/17/20,399
158,RVN,2,3.20587348,1.7%,2.81102017,1.0%,1.27052625,06:44:54 05/17/20,399
159,DOCK,4,3.94610628,8.0%,1.8508198,2.9%,1.84364888,06:47:26 05/17/20,402
160,LTC,5,10.38686658,2.5%,2.48467009,0.3%,1.08622647,06:51:24 05/17/20,406
161,COS,7,9.42891176,8.1%,3.04239493,1.6%,1.76041297,06:51:31 05/17/20,406
162,COS,8,10.19252531,8.6%,0.94695211,0.5%,0.76361355,06:57:33 05/17/20,412
163,ZEC,22,17.53909096,10.6%,2.65562208,1.1%,2.28033534,06:59:23 05/17/20,414
164,COS,9,13.16076112,10.1%,2.98415231,1.5%,2.96823581,06:59:30 05/17/20,414
165,ADA,5,3.91651211,1.0%,4.89616499,1.5%,-2.42596121,07:01:41 05/17/20,416
166,LINK,7,-7.38909872,-4.0%,6.61483775,0.6%,4.28751989,07:01:42 05/17/20,416
167,XTZ,8,18.7762196,3.0%,2.72970805,0.3%,-0.89992547,07:02:32 05/17/20,417
168,NEO,3,6.73328309,4.6%,4.89210605,2.2%,2.06060979,07:04:20 05/17/20,419
169,BCH,3,1.64364828,0.8%,3.92757924,0.5%,-1.35597152,07:04:38 05/17/20,419
170,COS,13,18.77934572,14.7%,3.44090833,1.6%,2.35304307,07:11:32 05/17/20,426
171,RVN,3,3.99500707,2.1%,0.91462953,0.3%,0.78913359,07:11:51 05/17/20,426
172,ZRX,10,22.30235638,3.3%,6.45561611,0.7%,4.73201683,07:12:24 05/17/20,427
173,COS,14,21.16625271,16.0%,2.85924597,1.3%,2.38690699,07:12:32 05/17/20,427
174,ZIL,5,-13.30714382,-5.0%,1.8635836,0.3%,1.84864744,07:14:20 05/17/20,429
175,XLM,6,5.44400608,0.2%,1.2405525,0.5%,1.23985554,07:14:33 05/17/20,429
176,TRX,3,3.34595125,1.6%,1.2108567,0.5%,1.07000918,07:14:39 05/17/20,429
177,COS,15,21.86709913,16.8%,1.69475666,0.8%,0.70084642,07:16:32 05/17/20,431
178,COS,16,22.61811233,17.2%,0.92720282,0.4%,0.7510131999999999,07:17:32 05/17/20,432
179,XTZ,9,21.69998806,3.3%,2.92649296,0.3%,2.92376846,07:21:31 05/17/20,436
180,AMB,2,1.48533631,1.1%,1.18890604,0.6%,0.66066712,07:21:42 05/17/20,436
181,OMG,3,2.36902189,1.3%,0.7321451,0.4%,0.71867674,07:28:54 05/17/20,443
182,COS,17,24.54788047,18.9%,3.75588536,1.6%,1.92976814,07:36:31 05/17/20,451
183,TROY,1,1.00837321,1.4%,1.25372017,1.4%,1.00837321,07:36:51 05/17/20,451
184,TROY,2,1.83669151,2.4%,0.9475547,1.0%,0.8283183000000001,07:38:55 05/17/20,453
185,VIB,2,2.4046722000000003,3.3%,1.6079671999999998,2.2%,1.5998836,07:41:29 05/17/20,456
186,COS,19,28.58746648,21.4%,0.86230455,0.4%,0.70003915,07:41:32 05/17/20,456
187,VIB,4,5.821942,7.9%,1.3577844,1.8%,1.3577844,07:43:29 05/17/20,458
188,LTC,6,10.48148354,2.3%,2.53181587,0.3%,2.08807403,07:44:26 05/17/20,459
189,VIB,6,7.43610152,10.2%,0.7782264,1.0%,0.7782264,07:48:28 05/17/20,463
190,VIB,8,9.49791423,13.2%,1.55536729,1.9%,1.26877991,07:51:29 05/17/20,466
191,BNB,9,52.14336617,3.6%,6.37580833,0.3%,5.24672245,07:53:44 05/17/20,468
192,COS,19,26.03467066,19.5%,4.53990726,1.8%,-2.55279582,08:06:32 05/17/20,481
193,NEO,4,7.89773405,5.2%,1.52296272,0.7%,1.16445096,08:09:19 05/17/20,484
194,NEO,5,6.22407044,8.7%,5.50560761,2.2%,-3.61505447,08:11:19 05/17/20,486
195,VIB,10,10.62986528,18.6%,1.46981471,1.7%,0.43393345,08:11:29 05/17/20,486
196,VIB,12,14.62721319,23.8%,1.7676324,2.0%,1.50222528,08:13:28 05/17/20,488
197,VIB,13,16.92383811,26.8%,2.7178455,3.0%,2.29662492,08:16:27 05/17/20,491
198,CELR,3,1.73088422,-0.9%,1.04557261,0.5%,1.02872837,08:16:42 05/17/20,491
199,EOS,4,6.68059148,0.6%,4.78776034,0.7%,-2.0749302,08:23:48 05/17/20,498
200,XRP,4,8.44341248,1.4%,3.42905987,0.4%,3.37744449,08:23:51 05/17/20,498
201,BNB,10,57.23919398,3.9%,6.74224407,0.3%,5.09582781,08:26:44 05/17/20,501
202,BAT,9,9.42440898,4.1%,1.51221441,0.4%,0.49899963,08:31:16 05/17/20,506
203,CVC,1,0.98849863,6.0%,1.18058361,6.0%,0.98849863,08:33:21 05/17/20,508
204,AMB,3,2.31301713,1.5%,0.83668742,0.4%,0.82768082,08:33:38 05/17/20,508
205,THETA,14,18.65891151,8.9%,1.03374496,0.4%,0.38173086,08:36:32 05/17/20,511
206,BNB,11,62.58977263,4.3%,6.33007055,0.3%,5.35057865,08:38:45 05/17/20,513
207,ALGO,2,1.95346737,1.3%,1.02137206,0.6%,1.02137206,08:41:38 05/17/20,516
208,THETA,14,17.77165051,8.1%,2.2890421,0.8%,-0.8872610000000001,08:45:31 05/17/20,520
209,THETA,15,18.39500068,8.5%,1.20697763,0.4%,0.62335017,08:46:31 05/17/20,521
210,ALGO,3,3.14372634,2.0%,1.21846701,0.7%,1.19025897,08:46:35 05/17/20,521
211,SNM,1,0.81568185,2.8%,0.82612137,2.8%,0.81568185,08:46:42 05/17/20,521
212,ALGO,4,4.97263503,3.1%,1.88132445,1.0%,1.82890869,08:50:38 05/17/20,525
213,COS,20,26.99712502,19.9%,0.96245436,0.4%,0.96245436,09:00:30 05/17/20,535
214,XLM,8,7.76328948,1.1%,1.25772538,0.5%,1.25772538,09:01:29 05/17/20,536
215,BAT,11,10.93563903,5.0%,1.53386345,0.4%,0.84149957,09:03:16 05/17/20,538
216,ZEC,23,17.42560848,8.9%,2.64385954,1.0%,2.31194706,09:03:23 05/17/20,538
217,BAT,12,12.03058349,5.3%,1.1747073000000001,0.3%,1.09494446,09:05:16 05/17/20,540
218,COS,21,27.83398154,20.2%,0.83685652,0.3%,0.83685652,09:05:31 05/17/20,540
219,BAT,13,14.25478041,6.2%,3.10060972,0.9%,2.22419692,09:06:17 05/17/20,541
220,SNM,2,2.17574745,7.1%,1.3600656,4.3%,1.3600656,09:06:44 05/17/20,541
221,ADA,6,5.0247015,1.4%,1.10818939,0.3%,1.10818939,09:08:42 05/17/20,543
222,BAT,14,16.20575125,6.7%,1.96213378,0.5%,1.95097084,09:11:16 05/17/20,546
223,BAT,15,18.74205335,7.2%,3.41152212,0.9%,3.00276778,09:15:17 05/17/20,550
224,ENJ,10,10.87134944,1.4%,1.90702621,0.4%,1.86830105,09:15:24 05/17/20,550
225,BAT,16,18.92301485,7.5%,1.3329236999999998,0.4%,0.1809615,09:16:16 05/17/20,551
226,TROY,3,3.55556095,4.1%,1.71886944,1.7%,1.71886944,09:16:50 05/17/20,551
227,KNC,2,2.05900173,2.3%,0.86507811,0.9%,0.83503523,09:18:39 05/17/20,553
228,FTM,1,0.86998503,0.9%,0.86998503,0.9%,0.86998503,09:20:40 05/17/20,555
229,BAT,17,20.37864946,7.6%,2.61874075,0.7%,1.62544655,09:21:17 05/17/20,556
230,TRX,4,4.62564065,2.0%,1.2796894,0.4%,1.2796893999999999,09:27:36 05/17/20,562
231,OMG,4,3.47283684,1.9%,1.19549633,0.6%,1.10381495,09:27:52 05/17/20,562
232,WAVES,2,1.45928933,4.4%,1.29512115,2.3%,0.89506105,09:28:39 05/17/20,563
233,SNM,3,3.33606468,10.6%,1.16031723,3.4%,1.16031723,09:30:45 05/17/20,565
234,ERD,1,3.00118581,13.3%,3.00118581,13.3%,3.00118581,09:31:29 05/17/20,566
235,WAVES,4,3.01831184,11.6%,1.07439837,1.8%,0.90936809,09:33:41 05/17/20,568
236,SOL,2,1.78450724,4.6%,1.61957458,2.6%,0.93727306,09:35:23 05/17/20,570
237,XLM,9,9.46782196,1.8%,1.71851368,0.6%,1.70453248,09:35:31 05/17/20,570
238,XRP,4,6.79568933,1.1%,3.05556141,0.3%,-1.64772315,09:35:53 05/17/20,570
239,BAT,20,30.49583503,12.7%,14.48985047,3.7%,8.21279437,09:37:17 05/17/20,572
240,BAT,21,31.50382228,13.4%,2.66223281,0.7%,1.00798725,09:38:17 05/17/20,573
241,SOL,3,2.44399057,5.8%,0.78987759,1.2%,0.65948333,09:38:22 05/17/20,573
242,WAVES,5,3.75288666,13.7%,1.35145044,2.1%,0.73457482,09:38:39 05/17/20,573
243,WAVES,6,3.79160313,17.4%,2.41547805,3.7%,0.03871647,09:40:39 05/17/20,575
244,DCR,1,0.69406642,2.6%,0.70710174,2.6%,0.69406642,09:42:22 05/17/20,577
245,BAT,21,30.92359459,11.6%,4.27303936,1.0%,-0.40050892,09:43:16 05/17/20,578
246,BCH,4,2.55712887,1.3%,4.23934331,0.5%,0.91348059,09:47:35 05/17/20,582
247,TRX,4,1.26335109,0.6%,4.98617602,1.4%,-3.36228956,09:50:34 05/17/20,585
248,WAVES,8,4.602943700000001,21.1%,1.48194324,2.1%,0.52394292,09:50:38 05/17/20,585
249,ZRX,10,20.83913305,2.8%,5.04058895,0.5%,-1.46322333,09:52:23 05/17/20,587
250,ALGO,5,5.82647363,3.5%,0.8538386,0.5%,0.8538386,09:52:37 05/17/20,587
251,ALGO,6,8.17651019,4.8%,2.35161868,1.2%,2.35003656,09:53:38 05/17/20,588
252,WAVES,9,6.13959586,23.5%,1.75501842,2.4%,1.53665216,09:53:40 05/17/20,588
253,BAT,22,32.85672332,12.1%,2.07512425,0.5%,1.93312873,09:55:16 05/17/20,590
254,SNGLS,1,1.49903052,3.0%,1.49903052,3.0%,1.49903052,09:57:16 05/17/20,592
255,WAVES,11,6.985043400000001,26.7%,0.81090078,1.0%,0.7447508,10:00:39 05/17/20,595
256,MATIC,7,28.53373993,2.6%,6.50110108,0.4%,2.2928309,10:00:50 05/17/20,595
257,OMG,5,3.83834383,4.1%,4.57926171,2.2%,0.36550699,10:00:51 05/17/20,595
258,SOL,6,8.71719182,16.7%,2.02391328,2.7%,1.67335802,10:03:22 05/17/20,598
259,REN,3,3.32428948,2.9%,1.19119747,0.9%,1.16128633,10:03:47 05/17/20,598
260,TRX,4,0.85724107,-0.0%,2.10003074,0.6%,-0.40611002,10:05:35 05/17/20,600
261,FTM,2,1.99113282,2.4%,1.31909919,1.4%,1.12114779,10:05:37 05/17/20,600
262,AMB,5,9.530333500000001,5.2%,0.86479656,0.4%,0.78917746,10:07:39 05/17/20,602
263,AMB,6,10.25738311,5.5%,0.73279707,0.4%,0.72704961,10:08:42 05/17/20,603
264,CTSI,8,6.39542994,17.6%,0.81909496,1.1%,0.67001596,10:10:30 05/17/20,605
265,AMB,8,16.19666868,8.5%,3.66323014,1.7%,3.55515678,10:10:39 05/17/20,605
266,ICX,3,3.66139861,1.9%,0.96024314,0.8%,0.96024314,10:10:44 05/17/20,605
267,AMB,10,19.82737274,10.3%,1.77692186,0.8%,1.54183294,10:12:39 05/17/20,607
268,CTSI,9,6.83785981,19.3%,1.28820419,1.7%,0.44242987,10:13:32 05/17/20,608
269,OMG,5,3.10733978,-0.3%,9.54868395,4.4%,-0.73100405,10:13:54 05/17/20,608
270,BAT,22,32.62763672,11.7%,1.91809014,0.4%,-0.2290866,10:15:16 05/17/20,610
271,OMG,6,3.71018395,0.4%,1.54208909,0.7%,0.60284417,10:15:53 05/17/20,610
272,XRP,5,10.52029446,1.5%,3.75719851,0.4%,3.72460513,10:17:50 05/17/20,612
273,TRX,6,2.12253372,0.9%,1.26117629,0.3%,1.26117629,10:23:34 05/17/20,618
274,OGN,4,2.47176074,6.1%,1.04559012,1.2%,0.87326708,10:25:23 05/17/20,620
275,OGN,6,4.6536126,11.6%,1.135424,1.2%,0.45526796,10:30:22 05/17/20,625
276,BAT,23,34.13218966,12.2%,2.2555066000000004,0.5%,1.50455294,10:32:16 05/17/20,627
277,OGN,7,5.31990575,13.0%,1.34767243,1.4%,0.66629315,10:32:23 05/17/20,627
278,LTC,7,15.53371693,2.9%,5.48289139,0.6%,5.05223339,10:32:24 05/17/20,627
279,ADA,7,6.09794213,1.7%,1.09390589,0.3%,1.07324063,10:32:41 05/17/20,627
280,OGN,8,5.32056121,15.1%,2.03547392,2.1%,0.00065546,10:35:22 05/17/20,630
281,ENJ,11,12.92791497,1.8%,2.11503845,0.4%,2.05656553,10:37:23 05/17/20,632
282,OMG,8,4.47791547,1.4%,1.31186319,0.5%,0.16123895,10:37:50 05/17/20,632
283,FET,2,-1.36235128,-3.9%,7.6254053,4.0%,-2.11241448,10:42:40 05/17/20,637
284,MTL,3,2.06516624,13.3%,1.21403547,4.4%,0.24889593,10:54:21 05/17/20,649
285,XMR,12,14.03933509,4.8%,1.32709759,0.3%,0.60986111,10:55:46 05/17/20,650
286,FTM,3,2.76493806,3.2%,0.77380524,0.8%,0.77380524,10:57:38 05/17/20,652
287,OMG,10,5.64190442,2.2%,0.91716821,0.4%,0.53214605,10:57:52 05/17/20,652
288,ADA,8,7.15684536,2.0%,1.05890323,0.3%,1.05890323,11:02:41 05/17/20,657
289,OGN,10,6.93697085,16.7%,0.92721259,0.9%,0.89290897,11:05:22 05/17/20,660
290,ZIL,7,-11.22438319,-4.7%,2.81529808,0.5%,-1.31695312,11:14:19 05/17/20,669
291,DASH,9,5.10561938,4.1%,1.51268359,0.7%,1.49886869,11:17:24 05/17/20,672
292,DCR,2,1.76007645,7.1%,1.29786637,4.5%,1.06601003,11:19:23 05/17/20,674
293,FET,4,0.89712479,-2.6%,0.93424941,0.5%,0.92184849,11:19:43 05/17/20,674
294,ZEC,24,18.29796289,9.2%,0.88173223,0.3%,0.87235441,11:20:24 05/17/20,675
295,ALGO,7,8.91744804,5.4%,1.16281219,0.6%,0.74093785,11:22:38 05/17/20,677
296,SNT,6,9.67441641,19.7%,1.49770676,1.6%,1.32092534,11:25:42 05/17/20,680
297,DCR,3,2.49438976,11.4%,1.31167521,4.3%,0.73431331,11:31:21 05/17/20,686
298,ARN,1,1.01331486,0.8%,1.01331486,0.8%,1.01331486,11:44:47 05/17/20,699
299,TFUEL,1,1.02025112,2.4%,1.02025112,2.4%,1.02025112,11:57:52 05/17/20,712
300,BAND,4,2.73362113,4.1%,0.74013795,0.6%,0.74013795,12:02:20 05/17/20,717
301,VIBE,1,3.2927892999999995,0.9%,3.35543412,0.9%,3.2927892999999995,12:07:17 05/17/20,722
302,ZRX,11,27.56036742,3.4%,4.52432997,0.4%,-1.67118607,12:07:23 05/17/20,722
303,VIBE,3,7.26547303,2.2%,2.96691761,0.8%,2.79169077,12:09:17 05/17/20,724
304,BCH,5,3.26679183,1.5%,2.78114558,0.3%,-0.27341178,12:09:35 05/17/20,724
305,TRX,7,4.11403633,1.4%,1.99150261,0.5%,1.99150261,12:09:35 05/17/20,724
306,ETH,4,-47.31412607,-2.1%,30.79759424,0.5%,-20.74241782,12:09:46 05/17/20,724
307,XRP,5,9.20697788,1.1%,3.51366122,0.4%,-1.31331658,12:09:50 05/17/20,724
308,OMG,11,4.95624433,0.4%,1.73379148,0.6%,-0.26018142,12:09:51 05/17/20,724
309,BAT,26,38.34728904,13.1%,1.88095656,0.4%,-0.07999598,12:11:16 05/17/20,726
310,VIBE,5,12.85262424,4.1%,4.74975724,1.3%,3.71596472,12:11:17 05/17/20,726
311,ZEC,25,19.24441249,10.7%,4.51027462,1.5%,0.9464496,12:11:23 05/17/20,726
312,WAVES,13,7.10501835,33.1%,2.39461245,2.2%,0.03655127,12:11:38 05/17/20,726
313,XMR,13,14.78363667,4.6%,2.1903857,0.5%,-0.76050732,12:11:45 05/17/20,726
314,ETH,4,-63.29078207,-2.5%,25.755347699999998,0.4%,-15.976656,12:11:45 05/17/20,726
315,MATIC,7,25.94244383,2.0%,7.8824203,0.5%,-2.5912961,12:11:50 05/17/20,726
316,BAT,26,37.59377352,12.3%,3.83366094,0.8%,-0.75351552,12:12:16 05/17/20,727
317,VIBE,6,16.6408968,5.6%,5.7018236,1.5%,3.78827256,12:12:18 05/17/20,727
318,OGN,11,7.972347599999999,15.9%,2.32424987,1.9%,-0.44084975,12:12:22 05/17/20,727
319,DASH,11,6.81703834,5.1%,1.32693777,0.6%,0.93179409,12:12:25 05/17/20,727
320,FET,5,1.30579215,-1.2%,2.9670236,1.4%,0.40866736,12:12:41 05/17/20,727
321,ADA,8,6.9112524,1.3%,2.53428216,0.7%,-0.24559296,12:12:42 05/17/20,727
322,LINK,8,-7.6880185,-4.1%,6.33571715,0.6%,-2.62685389,12:12:43 05/17/20,727
323,ETH,5,-53.39796608,-2.1%,22.28941995,0.3%,9.89281599,12:12:48 05/17/20,727
324,XRP,6,13.55215354,1.7%,5.3051666,0.6%,4.34517566,12:12:51 05/17/20,727
325,OMG,12,5.00964028,0.9%,1.45558933,0.5%,0.05339595,12:12:53 05/17/20,727
326,VIBE,7,16.49511911,5.1%,4.68055646,1.2%,-0.80786572,12:14:17 05/17/20,729
327,VET,2,2.74063533,2.1%,0.83042044,0.6%,0.83042044,12:14:46 05/17/20,729
328,VIBE,8,16.71179888,4.8%,1.30294614,0.3%,1.23199414,12:16:17 05/17/20,731
329,ZIL,7,-21.6213017,-8.2%,4.65710051,0.8%,-2.65413661,12:16:18 05/17/20,731
330,LTC,7,4.90181514,0.8%,10.6516604,1.2%,-6.7672432,12:16:23 05/17/20,731
331,ZEC,26,19.85071812,11.4%,2.15663149,0.7%,0.60630563,12:16:24 05/17/20,731
332,XTZ,9,19.24944838,2.2%,5.81371725,0.6%,-1.76586249,12:16:28 05/17/20,731
333,THETA,17,18.86596521,9.0%,2.78901548,0.8%,0.65754908,12:16:31 05/17/20,731
334,COTI,0,-0.73297318,-4.4%,2.85005054,4.4%,-0.73297318,12:16:32 05/17/20,731
335,TNT,3,-0.13661006,-1.7%,6.25116067,3.7%,-2.68266345,12:16:34 05/17/20,731
336,BCH,6,3.72612635,1.1%,6.22299154,0.7%,-1.28275698,12:16:34 05/17/20,731
337,LINK,8,-8.82868413,-4.8%,7.84640073,0.7%,-1.14066563,12:16:41 05/17/20,731
338,BNB,11,54.34676921,3.8%,9.6964242,0.5%,-8.24300342,12:16:43 05/17/20,731
339,ETH,6,-38.96084189,-1.1%,64.39545319,1.0%,14.43712419,12:16:45 05/17/20,731
340,EOS,5,6.74093783,-0.8%,3.64069731,0.5%,-0.11996559,12:16:46 05/17/20,731
341,XRP,6,11.72305014,1.2%,4.591247,0.5%,-1.8291034,12:16:49 05/17/20,731
342,MATIC,7,22.28606905,1.4%,9.8833272,0.6%,-3.65637478,12:16:49 05/17/20,731
343,BAT,28,39.20952575,13.1%,2.38975589,0.5%,0.11295909,12:17:17 05/17/20,732
344,VIBE,9,17.90852866,5.1%,1.2661699,0.3%,1.19672978,12:17:18 05/17/20,732
345,ZIL,7,-31.04335023,-9.9%,10.82356373,1.7%,-9.42204853,12:17:19 05/17/20,732
346,MTL,4,3.0396189,18.1%,1.60142498,4.8%,0.97445266,12:17:21 05/17/20,732
347,ETH,7,-25.4332192,-0.7%,31.76077687,0.5%,13.52762269,12:17:46 05/17/20,732
348,MATIC,7,20.38575313,1.0%,6.34126794,0.4%,-1.90031592,12:17:50 05/17/20,732
349,VIBE,10,18.08151317,5.5%,1.47530579,0.4%,0.17298451,12:19:18 05/17/20,734
350,ZIL,9,-27.83557877,-8.9%,4.08241337,0.6%,1.59837079,12:21:18 05/17/20,736
351,WRX,4,3.72854665,3.3%,1.18208449,0.9%,1.13040905,12:21:23 05/17/20,736
352,CHZ,2,2.84018499,2.9%,2.28822135,1.8%,2.03431499,12:21:47 05/17/20,736
353,RVN,8,11.73728415,5.3%,1.2815687,0.4%,0.8600553,12:21:50 05/17/20,736
354,WRX,5,4.54502614,3.9%,0.81647949,0.6%,0.81647949,12:22:23 05/17/20,737
355,ZEC,28,22.86703945,12.6%,1.36727591,0.4%,1.23357775,12:22:24 05/17/20,737
356,XTZ,10,22.363179000000002,2.8%,5.2499169000000006,0.5%,3.11373062,12:22:29 05/17/20,737
357,XMR,15,16.5197477,5.5%,2.13921818,0.5%,0.27981584,12:22:45 05/17/20,737
358,ZEC,29,23.51473432,13.1%,1.61101445,0.5%,0.64769487,12:24:25 05/17/20,739
359,THETA,18,20.07179755,9.3%,1.30677982,0.4%,1.20583234,12:24:33 05/17/20,739
360,TNT,5,2.03493251,-0.2%,1.4860371,0.8%,1.4519331,12:24:35 05/17/20,739
361,ZEC,31,24.9447227,14.6%,2.63202434,0.8%,0.52843852,12:26:26 05/17/20,741
362,NAV,1,0.76183799,4.3%,0.81190199,4.3%,0.76183799,12:26:33 05/17/20,741
363,ETH,9,-4.04365292,-0.2%,13.6129542,0.2%,10.26988002,12:26:47 05/17/20,741
364,MATIC,8,21.97426869,1.3%,5.00430108,0.3%,1.58851556,12:26:52 05/17/20,741
365,OMG,13,6.01893865,1.2%,1.06067319,0.4%,1.00929837,12:26:52 05/17/20,741
366,TNT,6,2.80999968,0.2%,0.78562317,0.4%,0.77506717,12:27:35 05/17/20,742
367,WRX,6,5.45997864,4.7%,1.12233306,0.8%,0.9149525,12:31:24 05/17/20,746
368,ETH,10,3.53544028,0.1%,21.11200848,0.3%,7.5790932,12:31:46 05/17/20,746
369,IOTA,6,6.76534712,9.4%,1.04030894,0.9%,1.01654162,12:31:51 05/17/20,746
370,EOS,5,5.96393914,-1.1%,2.23246487,0.3%,-0.77699869,12:32:47 05/17/20,747
371,ZEC,32,26.31645983,15.0%,1.40652183,0.4%,1.37173713,12:34:24 05/17/20,749
372,ZIL,10,-26.67486184,-8.3%,3.74627559,0.6%,1.16071693,12:36:18 05/17/20,751
373,XMR,16,18.51055322,6.2%,3.16291988,0.7%,1.99080552,12:36:45 05/17/20,751
374,NEO,10,13.69788732,11.9%,2.18366301,0.7%,2.17293159,12:38:19 05/17/20,753
375,ZEC,33,28.8526637,15.8%,2.53620387,0.8%,2.53620387,12:39:25 05/17/20,754
376,COS,21,26.89178098,19.4%,2.57130814,0.9%,-0.94220056,12:41:32 05/17/20,756
377,AMB,11,20.82288974,10.7%,1.026075,0.4%,0.995517,12:43:41 05/17/20,758
378,OMG,13,5.39832429,0.5%,2.13616524,0.7%,-0.62061436,12:43:52 05/17/20,758
379,ARK,1,0.79055662,4.7%,0.8113666,4.7%,0.79055662,12:46:27 05/17/20,761
380,ZIL,11,-24.51417899,-8.0%,2.17486375,0.3%,2.16068285,12:48:18 05/17/20,763
381,KAVA,1,0.68481401,0.4%,0.80952725,0.4%,0.68481401,12:48:49 05/17/20,763
382,BNB,12,58.56460607,4.4%,12.40787694,0.6%,4.21783686,12:49:45 05/17/20,764
383,BCH,6,1.84363909,0.7%,3.59141066,0.4%,-1.88248726,12:51:35 05/17/20,766
384,TNT,7,3.88229411,0.8%,1.13524471,0.6%,1.07229443,12:54:33 05/17/20,769
385,SOL,7,9.56864075,17.6%,0.91447321,0.9%,0.85144893,12:56:20 05/17/20,771
386,AION,1,0.91443629,0.7%,0.91648713,0.7%,0.91443629,12:58:43 05/17/20,773
387,LTC,8,4.73505239,0.8%,4.83359298,0.5%,1.88184308,13:01:24 05/17/20,776
388,ETH,11,-10.76905492,-0.2%,54.25747938,0.8%,3.71671386,13:01:46 05/17/20,776
389,HBAR,2,2.10783405,2.7%,1.40180976,1.4%,1.40180976,13:03:43 05/17/20,778
390,OMG,15,6.63910633,1.3%,1.31589346,0.4%,0.20898088,13:03:50 05/17/20,778
391,FET,8,3.576747,0.7%,1.41544257,0.6%,0.19714133,13:06:45 05/17/20,781
392,ETH,11,-33.1797999,-0.6%,25.83620684,0.4%,-22.41074498,13:09:49 05/17/20,784
393,BAT,28,37.76103912,12.1%,3.1211466,0.6%,-1.03255812,13:11:16 05/17/20,786
394,BAND,5,3.71990688,4.9%,1.07876509,0.8%,0.98628575,13:11:20 05/17/20,786
395,BAT,29,38.94629118,12.4%,1.80382464,0.3%,1.18525206,13:14:17 05/17/20,789
396,DATA,1,0.67794365,1.3%,0.81809401,1.3%,0.67794365,13:14:26 05/17/20,789
397,XLM,10,10.74102664,2.2%,1.28880702,0.4%,1.27320468,13:14:32 05/17/20,789
398,ENJ,11,11.02147538,1.1%,3.72053933,0.7%,-1.90643959,13:16:24 05/17/20,791
399,ENJ,11,10.06845055,-1.3%,11.90495465,2.3%,-0.95302483,13:21:23 05/17/20,796
400,XMR,19,28.42293222,8.3%,3.62604808,0.8%,-1.53640748,13:21:48 05/17/20,796
401,NEO,11,15.83060411,12.6%,2.13271679,0.7%,2.13271679,13:26:18 05/17/20,801
402,ENJ,11,9.393798,-1.8%,2.78893069,0.5%,-0.67465255,13:26:25 05/17/20,801
403,ENG,3,1.66833446,-2.7%,1.4761289,2.5%,0.9000995999999999,13:26:34 05/17/20,801
404,BNT,1,-0.09931935,-9.8%,2.17181911,13.5%,0.01675015,13:29:19 05/17/20,804
405,ZIL,13,-17.72441986,-6.4%,4.20121409,0.6%,3.66357547,13:31:18 05/17/20,806
406,BNT,2,1.00635015,2.6%,2.37651718,12.4%,1.1056695,13:31:20 05/17/20,806
407,LINK,8,-18.80278767,-6.5%,13.98453109,1.1%,-6.98903879,13:31:48 05/17/20,806
408,BNT,4,2.08900904,15.2%,1.54128242,6.8%,0.52001276,13:33:18 05/17/20,808
409,ENG,4,2.46945748,1.1%,2.55110582,3.8%,0.80112302,13:38:32 05/17/20,813
410,RVN,10,14.4037797,6.5%,2.76135525,0.8%,1.25517355,13:41:52 05/17/20,816
411,ZIL,15,-14.51835177,-5.1%,2.13460881,0.3%,0.81736071,13:43:20 05/17/20,818
412,ENG,5,2.79116387,2.6%,1.17402475,1.6%,0.32170639,13:46:32 05/17/20,821
413,BAT,29,37.4565205,11.9%,2.94491506,0.6%,-1.48977068,13:48:16 05/17/20,823
414,WAN,0,-0.50773199,-8.2%,3.04750805,8.2%,-0.50773199,13:48:27 05/17/20,823
415,BAT,30,37.74259826,12.5%,3.15951646,0.6%,0.28607776,13:49:17 05/17/20,824
416,WAN,1,0.04180706,-0.0%,3.28176905,8.1%,0.54953905,13:49:27 05/17/20,824
417,BAT,31,38.56173359,12.3%,2.73404531,0.5%,-0.29460559,13:54:16 05/17/20,829
418,WAN,1,-1.50686864,-13.2%,3.74326866,7.5%,-0.77245738,13:56:27 05/17/20,831
419,PERL,3,3.05942833,9.1%,0.94946114,1.2%,0.5773209,13:59:53 05/17/20,834
420,WAN,4,1.97029666,-0.8%,4.9136497000000015,8.6%,1.75328448,14:01:27 05/17/20,836
421,TRX,9,6.83915365,2.1%,1.61780928,0.4%,1.48219072,14:01:36 05/17/20,836
422,ONE,2,1.3712191,1.5%,0.8392940999999999,0.7%,0.6407341,14:03:50 05/17/20,838
423,AION,2,1.54893306,1.3%,0.88877119,0.6%,0.63449677,14:06:49 05/17/20,841
424,AION,2,1.54025814,-0.4%,2.44294878,1.6%,-0.00867492,14:10:45 05/17/20,845
425,TOMO,2,1.49281533,1.9%,0.73702981,0.8%,0.73702981,14:13:20 05/17/20,848
426,ZRX,12,31.52008006,3.7%,3.96979136,0.4%,3.95971264,14:15:23 05/17/20,850
427,ADA,11,12.95119262,3.8%,1.83291481,0.5%,1.30808617,14:15:43 05/17/20,850
428,WAN,7,3.79680703,12.2%,3.19418775,4.2%,1.45440785,14:16:27 05/17/20,851
429,WAN,8,4.38445644,10.9%,0.95071043,1.2%,0.65115515,14:18:27 05/17/20,853
430,DOGE,1,1.99999989,8.9%,1.99999989,8.9%,1.99999989,14:23:15 05/17/20,858
431,POLY,4,4.24606171,30.5%,1.80460162,4.2%,1.45444402,14:25:17 05/17/20,860
432,NANO,4,2.71027119,2.8%,1.01134315,0.7%,0.49324921,14:26:49 05/17/20,861
433,MANA,2,2.38292514,-3.2%,1.98246428,3.5%,1.53670084,14:28:30 05/17/20,863
434,ZEC,35,29.63577235,16.9%,2.39844697,0.7%,0.57215411,14:30:24 05/17/20,865
435,BAT,31,35.11573349,11.3%,5.2419776,1.0%,-3.4460001000000005,14:31:16 05/17/20,866
436,WAN,10,4.84039998,15.4%,1.51589945,1.6%,0.23639257,14:33:29 05/17/20,868
437,INS,2,-3.36267211,-3.4%,0.85480622,0.5%,0.85480622,14:35:21 05/17/20,870
438,NEO,11,15.28361053,12.0%,2.1268967,0.7%,-0.54699358,14:36:19 05/17/20,871
439,AION,3,1.34553251,-0.6%,3.05936409,1.9%,-0.45008615,14:38:46 05/17/20,873
440,DASH,13,8.71940993,5.8%,0.91820528,0.4%,0.91820528,14:40:27 05/17/20,875
441,AION,4,2.72888107,-1.4%,3.08577094,1.9%,-0.32377962,14:41:47 05/17/20,876
442,TNT,8,5.58047514,1.6%,1.70703179,0.8%,1.69818103,14:43:38 05/17/20,878
443,BEAM,2,1.53944609,8.0%,1.78108428,4.0%,0.73205914,14:45:21 05/17/20,880
444,NKN,2,2.73196341,2.1%,2.00499156,1.5%,2.00499156,14:46:36 05/17/20,881
445,QTUM,2,1.80969695,2.3%,0.8000866999999999,1.0%,0.8000866999999999,14:46:47 05/17/20,881
446,XLM,12,14.26231194,3.8%,3.85410879,1.2%,2.31013127,14:50:30 05/17/20,885
447,ETH,12,-15.0651663,0.0%,46.04169078,0.6%,18.1146336,14:50:50 05/17/20,885
448,ETH,13,4.65361309,0.4%,29.93064297,0.4%,19.71877939,14:51:50 05/17/20,886
449,XTZ,11,21.38463456,2.1%,10.59032918,1.0%,-0.9907333,14:53:31 05/17/20,888
450,BCH,7,3.88323193,0.8%,4.03845206,0.4%,-0.0540722,14:53:37 05/17/20,888
451,ARN,2,3.63702917,8.1%,10.53646905,7.3%,2.62371431,14:53:50 05/17/20,888
452,ONE,3,3.76246202,3.4%,2.48110148,2.0%,2.39124292,14:55:52 05/17/20,890
453,XRP,8,14.15128491,0.7%,4.45382068,0.4%,-2.22796936,14:56:55 05/17/20,891
454,BAT,31,32.31512984,10.5%,4.48188153,0.8%,-2.80060365,15:02:16 05/17/20,897
455,LEND,1,1.68658973,2.5%,1.92429317,2.5%,1.68658973,15:02:23 05/17/20,897
456,ADA,12,15.20373472,4.3%,2.2595249,0.6%,2.2525421000000003,15:02:42 05/17/20,897
457,EOS,5,2.04100146,-2.8%,6.25644031,0.8%,-1.47717699,15:02:51 05/17/20,897
458,BAT,32,33.05884719,11.3%,4.40586421,0.8%,0.74371735,15:05:16 05/17/20,900
459,ZEC,36,29.80969806,17.2%,1.31859695,0.4%,0.17392571,15:07:24 05/17/20,902
460,BCH,8,5.10324753,1.2%,3.81127864,0.4%,1.2200156,15:12:36 05/17/20,907
461,ETH,14,24.08766767,0.8%,28.56929608,0.4%,19.43405458,15:12:47 05/17/20,907
462,MATIC,10,24.63633982,1.5%,5.46733762,0.3%,4.5495838,15:12:54 05/17/20,907
463,ETH,15,36.19652558,1.0%,13.52674167,0.2%,12.10885791,15:17:50 05/17/20,912
464,LEND,2,3.08979051,4.2%,1.46323168,1.8%,1.40320078,15:30:23 05/17/20,925
465,EOS,5,-20.69221451,-8.0%,27.62965131,3.4%,-15.21910433,15:32:51 05/17/20,927
466,ADA,13,16.23991785,4.7%,1.76317577,0.4%,1.03618313,15:34:43 05/17/20,929
467,ZEC,37,31.51884732,17.9%,2.40098342,0.7%,1.70914926,15:35:27 05/17/20,930
468,WAN,10,4.81075073,14.1%,1.43946509,1.3%,-0.02964925,15:35:29 05/17/20,930
469,STORM,1,0.72,24.6%,0.72,24.6%,0.72,15:37:43 05/17/20,932
470,ADA,15,18.34119612,5.6%,2.05537567,0.5%,1.46259007,15:37:43 05/17/20,932
471,OMG,19,11.81627944,2.8%,1.78090827,0.5%,0.89769029,15:37:54 05/17/20,932
472,XLM,13,17.0721767,4.6%,2.8894034,0.8%,2.80986476,15:40:33 05/17/20,935
473,OMG,19,11.78829356,2.2%,2.07930802,0.6%,-0.02798588,15:40:56 05/17/20,935
474,BEAM,2,1.33747318,4.8%,1.69200487,3.1%,-0.20197291,15:42:20 05/17/20,937
475,BAND,5,2.79457204,3.0%,3.02334814,2.0%,-0.92533484,15:42:22 05/17/20,937
476,VET,3,3.44550655,2.6%,0.70487122,0.5%,0.70487122,15:42:52 05/17/20,937
477,NANO,5,4.3977392,4.1%,1.82877103,1.2%,1.68746801,15:44:46 05/17/20,939
478,BNT,5,2.75279352,17.4%,0.82458846,2.2%,0.66378448,15:50:22 05/17/20,945
479,BNT,6,3.93471486,21.2%,1.5907173,3.9%,1.18192134,16:01:20 05/17/20,956
480,BNT,7,4.40868768,24.3%,1.33083178,3.1%,0.47397282,16:02:20 05/17/20,957
481,ZEC,38,31.94356942,17.2%,4.24344985,1.1%,-0.38364603,16:04:25 05/17/20,959
482,ETH,18,122.32160976,2.1%,27.39898825,0.3%,-18.96089457,16:04:54 05/17/20,959
483,BNT,9,6.54700615,36.7%,2.8190432999999997,5.7%,2.09412964,16:06:19 05/17/20,961
484,BNT,9,5.66403476,32.3%,2.29701097,4.4%,-0.88297139,16:07:19 05/17/20,962
485,ZEC,39,31.1407178,16.8%,1.52367665,0.4%,0.51173291,16:09:25 05/17/20,964
486,QTUM,3,2.13363377,3.7%,1.2531928999999995,1.4%,0.32393682,16:11:47 05/17/20,966
487,BNT,9,3.913937600000001,21.4%,2.33828316,3.7%,-0.0544232,16:14:20 05/17/20,969
488,ZEC,40,31.55647564,17.3%,1.73631472,0.4%,0.41575784,16:14:25 05/17/20,969
489,BNT,10,4.39079554,24.0%,1.77141508,2.7%,0.47685794,16:16:21 05/17/20,971
490,DASH,14,11.01581676,6.7%,2.29698499,0.9%,2.29640683,16:17:27 05/17/20,972
491,OMG,20,12.09409304,1.7%,2.96062087,0.8%,-0.59188905,16:19:59 05/17/20,974
492,BNT,10,4.27553169,21.7%,1.63734725,2.3%,-0.11526385,16:21:19 05/17/20,976
493,ZEC,41,31.37929899,16.7%,3.73875083,0.9%,-1.04521155,16:21:25 05/17/20,976
494,ZIL,17,-10.10520039,-4.5%,2.31032514,0.3%,2.06471586,16:22:18 05/17/20,977
495,ARN,4,4.95077446,9.3%,0.8176219,0.5%,0.76733188,16:32:51 05/17/20,987
496,LTC,9,7.19402444,1.1%,3.14480571,0.3%,2.45897205,16:36:24 05/17/20,991
497,TRX,13,21.99976984,5.6%,7.161616,1.6%,7.161616,16:36:38 05/17/20,991
498,BNT,11,4.96206078,23.1%,1.08605937,1.4%,0.68652909,16:39:19 05/17/20,994
499,ZEC,42,31.55312317,16.3%,1.31541596,0.3%,0.99408288,16:39:24 05/17/20,994
500,ZEC,43,32.83152893,16.8%,1.86907848,0.4%,1.27840576,16:46:25 05/17/20,1001
501,ZEC,44,33.1804941,17.1%,1.30766999,0.3%,0.34896517,16:56:24 05/17/20,1011
502,HBAR,3,4.22909377,4.5%,2.1372838,1.9%,2.12125972,16:56:47 05/17/20,1011
503,ZEC,45,33.618853200000004,17.5%,1.93544152,0.4%,0.43835909999999995,16:59:26 05/17/20,1014
504,MATIC,10,19.66753815,1.1%,7.35221767,0.4%,-4.96880167,17:01:55 05/17/20,1016
505,FTT,1,0.7466974000000001,2.7%,0.7497814,2.7%,0.7466974000000001,17:03:18 05/17/20,1018
506,VIBE,11,19.39354432,5.8%,1.31203115,0.3%,1.31203115,17:12:18 05/17/20,1027
507,VIBE,12,20.36753018,6.2%,1.57588666,0.4%,0.97398586,17:13:17 05/17/20,1028
508,VIBE,14,22.50747423,7.0%,1.4242771,0.3%,0.66179782,17:15:17 05/17/20,1030
509,ARN,6,7.14144704,10.5%,1.1231528,0.6%,1.1231528,17:18:52 05/17/20,1033
510,ARN,8,9.62265609,11.9%,0.90578605,0.5%,0.90578605,17:20:52 05/17/20,1035
511,THETA,20,21.94484066,10.0%,1.21726358,0.3%,0.6171736,17:22:34 05/17/20,1037
512,ARN,9,10.34724873,12.3%,0.72459264,0.4%,0.72459264,17:23:56 05/17/20,1038
513,CELR,6,4.89501076,0.4%,0.85315657,0.3%,0.85108073,17:32:46 05/17/20,1047
514,CELR,7,5.91582577,0.8%,1.02907521,0.4%,1.02081501,17:40:45 05/17/20,1055
515,ICX,4,6.64963092,8.7%,9.74060459,6.8%,2.98823231,17:47:47 05/17/20,1062
516,CELR,9,9.27634315,2.2%,1.35078048,0.5%,1.35078048,17:50:48 05/17/20,1065
517,TNT,9,8.79809056,3.5%,4.17089686,1.9%,3.21761542,17:55:36 05/17/20,1070
518,REP,1,0.84939298,2.7%,0.93231406,2.7%,0.84939298,18:00:38 05/17/20,1075
519,MATIC,10,13.74050695,0.6%,7.92444872,0.4%,-5.927031200000001,18:00:56 05/17/20,1075
520,ENJ,15,21.18634749,0.4%,5.66984884,0.9%,5.60285744,18:05:24 05/17/20,1080
521,CELR,10,10.20051255,2.5%,0.9241693999999999,0.4%,0.9241694,18:19:46 05/17/20,1094
522,ENG,7,5.16936935,10.6%,6.15373152,6.3%,1.42977732,18:24:35 05/17/20,1099
523,BAT,32,30.82962781,9.9%,8.4476073,1.4%,-2.22921938,18:29:16 05/17/20,1104
524,AION,5,3.79891758,-0.8%,1.17063195,0.7%,1.07003651,18:29:44 05/17/20,1104
525,KMD,2,1.70535298,4.4%,0.77021858,1.8%,0.72386442,18:29:56 05/17/20,1104
526,LTC,9,5.32605236,0.6%,5.28938492,0.5%,-1.86797208,18:32:24 05/17/20,1107
527,LEND,3,3.65902842,5.4%,1.34182003,1.2%,0.56923791,18:42:23 05/17/20,1117
528,LEND,4,3.98219739,6.6%,1.35807663,1.2%,0.32316897,18:44:23 05/17/20,1119
529,OGN,12,7.45666852,14.3%,1.09254571,0.7%,0.70468671,18:49:23 05/17/20,1124
530,REP,2,0.3433158,-7.9%,1.02524594,2.4%,0.98634584,18:51:39 05/17/20,1126
531,COS,24,31.75246228,20.9%,3.86849467,1.1%,1.86200681,18:54:32 05/17/20,1129
532,INS,5,4.92277855,2.3%,1.91747232,1.1%,1.906784,18:56:22 05/17/20,1131
533,SYS,1,0.70058031,15.1%,0.70058031,15.1%,0.70058031,18:56:30 05/17/20,1131
534,ERD,2,3.85203841,15.7%,0.8508526,2.4%,0.8508526,18:59:29 05/17/20,1134
535,REN,6,5.99781628,5.5%,1.53192425,1.0%,0.22106051,19:04:49 05/17/20,1139
536,ENG,9,7.58656936,14.4%,1.27626656,1.1%,0.17503658,19:06:33 05/17/20,1141
537,NEO,12,16.6835682,12.5%,1.81237737,0.5%,1.39995767,19:09:19 05/17/20,1144
538,ENJ,16,22.65168593,0.7%,1.90440112,0.3%,1.46533844,19:11:24 05/17/20,1146
539,SYS,2,1.40349328,25.8%,0.76380411,10.7%,0.70291297,19:11:29 05/17/20,1146
540,BNT,13,7.09505748,27.3%,2.29216,2.1%,1.37408686,19:14:19 05/17/20,1149
541,NEO,12,16.19048368,11.7%,2.94899012,0.8%,-0.49308452,19:19:19 05/17/20,1154
542,REN,7,6.68801525,6.0%,0.78825749,0.5%,0.69019897,19:19:49 05/17/20,1154
543,COS,27,35.68788873,22.2%,1.36709079,0.4%,0.73562101,19:21:33 05/17/20,1156
544,REN,8,6.70145494,7.2%,2.04896379,1.2%,0.01343969,19:21:49 05/17/20,1156
545,OMG,22,11.53983584,1.4%,1.45342917,0.4%,1.45342917,19:24:56 05/17/20,1159
546,INS,7,9.72422629,4.9%,2.339577,1.3%,2.3395770000000002,19:26:21 05/17/20,1161
547,DLT,3,2.52470158,11.6%,0.80109367,3.2%,0.66741093,19:27:33 05/17/20,1162
548,DLT,5,4.11799409,21.8%,1.31894093,4.8%,0.20636889,19:29:36 05/17/20,1164
549,DLT,7,5.61145973,28.7%,0.91069809,2.8%,0.77958849,19:34:34 05/17/20,1169
550,ICX,6,8.52163395,11.3%,1.70662794,1.0%,1.39548374,19:36:49 05/17/20,1171
551,AMB,15,25.31597974,12.5%,1.53509308,0.5%,1.4922540000000002,19:39:43 05/17/20,1174
552,VIB,15,18.31817122,29.7%,1.72848529,1.7%,0.31116547,19:41:28 05/17/20,1176
553,REN,10,12.05686364,11.0%,1.23542942,0.7%,1.23542942,19:41:50 05/17/20,1176
554,INS,8,13.19521909,6.8%,3.4709928,1.9%,3.4709928,19:49:21 05/17/20,1184
555,COS,28,36.37655227,22.7%,1.9102232,0.5%,0.68866354,19:49:32 05/17/20,1184
556,THETA,22,24.47252873,10.7%,1.30577965,0.3%,1.24306141,19:49:34 05/17/20,1184
557,NEO,13,18.6497365,12.3%,2.4606558,0.7%,2.45925282,19:53:20 05/17/20,1188
558,REN,11,12.82735167,11.4%,0.77048803,0.4%,0.77048803,19:54:49 05/17/20,1189
559,REN,12,13.70458232,11.9%,1.02488477,0.5%,0.87723065,19:56:53 05/17/20,1191
560,BEAM,3,2.18266794,6.4%,1.06046724,1.6%,0.84519476,19:58:20 05/17/20,1193
561,ETH,19,132.7919759,2.3%,18.25402432,0.2%,10.47036614,20:04:53 05/17/20,1199
562,VIB,16,19.62676885,24.5%,2.25641505,2.0%,2.25614849,20:06:30 05/17/20,1201
563,XTZ,13,25.97947253,2.9%,6.29800858,0.5%,2.25178308,20:08:30 05/17/20,1203
564,VIB,18,24.53303939,28.3%,1.84822937,1.5%,-0.03129875,20:23:29 05/17/20,1218
565,AION,6,4.52957088,-0.4%,0.7306533000000001,0.4%,0.7306533000000001,20:23:45 05/17/20,1218
566,VET,4,4.39970479,3.1%,0.95419824,0.5%,0.95419824,20:24:51 05/17/20,1219
567,INS,10,16.88285024,8.8%,1.17314795,0.6%,1.03251505,20:26:21 05/17/20,1221
568,CTSI,13,10.09569278,22.8%,0.97895266,0.7%,0.79101004,20:29:32 05/17/20,1224
569,INS,11,17.98785024,9.4%,1.105,0.6%,1.105,20:33:21 05/17/20,1228
570,INS,12,19.05696384,9.9%,1.0691136,0.6%,1.0691136,20:34:21 05/17/20,1229
571,INS,14,24.00159655,12.5%,3.20362558,1.6%,3.17891706,20:36:23 05/17/20,1231
572,BNT,15,8.92689787,29.0%,1.13581818,0.9%,1.03242996,20:46:20 05/17/20,1241
573,OGN,14,8.78784219,14.5%,1.02602296,0.6%,0.52184264,20:46:23 05/17/20,1241
574,SNGLS,3,2.92662006,5.5%,0.72332468,1.2%,0.72332468,20:50:17 05/17/20,1245
575,BNT,16,9.63345025,30.1%,1.3597915,1.1%,0.70655238,20:50:19 05/17/20,1245
576,BNT,17,10.89858412,31.3%,1.48531513,1.2%,1.26513387,20:53:19 05/17/20,1248
577,BNT,18,10.9132523,30.7%,2.09917229,1.6%,-0.26308171,20:55:19 05/17/20,1250
578,NEO,14,18.87527345,12.8%,1.81871945,0.5%,0.22553695,21:01:20 05/17/20,1256
579,WRX,8,6.67701851,5.8%,0.8822897,0.6%,0.55431566,21:01:25 05/17/20,1256
580,CMT,1,1.67491555,16.0%,2.20218277,16.0%,1.67491555,21:03:49 05/17/20,1258
581,INS,17,30.31731895,15.6%,1.27126728,0.6%,1.20240992,21:06:21 05/17/20,1261
582,CMT,3,3.97693617,32.6%,1.69429362,9.6%,1.48156302,21:06:48 05/17/20,1261
583,INS,19,35.59668267,18.2%,1.1270848,0.5%,1.1270848,21:08:24 05/17/20,1263
584,CMT,4,5.94284197,47.0%,2.9679701,14.4%,1.9659058,21:10:52 05/17/20,1265
585,CMT,5,6.96838822,51.4%,1.04582085,4.4%,1.02554625,21:11:48 05/17/20,1266
586,CMT,7,11.17438399,73.0%,2.19959951,7.9%,2.16183865,21:13:49 05/17/20,1268
587,CMT,8,12.55622056,71.4%,2.02154916,6.0%,-0.003693,21:20:54 05/17/20,1275
588,ZEC,46,36.24356512,18.1%,2.80368252,0.6%,2.62471192,21:25:25 05/17/20,1280
589,POWR,0,-0.29585454,-6.9%,4.0183245,6.9%,-0.29585454,21:28:40 05/17/20,1283
590,CMT,9,12.66640178,81.4%,3.56218522,10.0%,0.11018122,21:31:48 05/17/20,1286
591,IOTA,9,9.13650621,13.5%,1.04839044,0.7%,0.99533436,21:38:54 05/17/20,1293
592,BNT,21,13.39695831,34.4%,1.45696563,1.0%,1.06606223,21:45:19 05/17/20,1300
593,HIVE,3,5.39596525,37.4%,1.5036228,1.8%,1.47631912,21:45:40 05/17/20,1300
594,AION,7,4.53222357,0.9%,2.42159673,1.3%,0.00265269,21:45:45 05/17/20,1300
595,KMD,3,3.31164186,8.0%,1.60628888,3.6%,1.60628888,21:45:56 05/17/20,1300
596,BNT,22,14.02518785,35.4%,1.46432306,1.0%,0.62822954,21:47:19 05/17/20,1302
597,SYS,3,2.27697855,31.4%,0.87348527,5.7%,0.87348527,21:48:28 05/17/20,1303
598,SYS,4,3.61489967,46.4%,2.47435098,14.9%,1.33792112,21:55:28 05/17/20,1310
599,CTSI,14,11.41938313,23.7%,1.34780405,0.9%,1.32369035,22:00:35 05/17/20,1315
600,DOCK,6,5.83394535,10.5%,1.11693844,1.2%,1.09416444,22:02:26 05/17/20,1317
601,BCH,9,6.58890112,1.6%,5.17796865,0.5%,1.48565359,22:02:36 05/17/20,1317
602,TRX,15,30.99733552,7.1%,5.4862281,1.2%,5.4862281,22:02:37 05/17/20,1317
603,ARPA,1,0.82807065,1.2%,0.82807065,1.2%,0.82807065,22:02:42 05/17/20,1317
604,ADA,16,19.78650254,5.9%,1.49354652,0.3%,1.44530642,22:02:43 05/17/20,1317
605,LINK,9,-15.66722934,-6.0%,8.24435593,0.5%,3.13555833,22:02:43 05/17/20,1317
606,VET,6,13.82573683,8.0%,5.77683502,3.0%,5.77683502,22:02:50 05/17/20,1317
607,XRP,9,-0.12989098,-0.8%,3.90502568,0.3%,-0.55470546,22:02:52 05/17/20,1317
608,FET,9,4.46548851,1.3%,1.22749169,0.5%,0.88874151,22:03:41 05/17/20,1318
609,MATIC,11,19.13233666,1.4%,13.78233263,0.7%,5.39182971,22:07:54 05/17/20,1322
610,MATIC,11,18.96211981,0.9%,8.04794405,0.4%,-0.17021685,22:10:58 05/17/20,1325
611,ZEC,46,35.73550393,17.7%,1.93063167,0.4%,-0.50806119,22:12:25 05/17/20,1327
612,INS,21,37.91698104,19.3%,1.15037696,0.5%,1.14240768,22:15:22 05/17/20,1330
613,CTSI,16,13.62584081,25.7%,2.0956354,1.4%,1.36046112,22:15:32 05/17/20,1330
614,WRX,9,7.19966328,6.4%,0.97680221,0.6%,0.52264477,22:17:24 05/17/20,1332
615,CTSI,17,14.29430283,26.4%,1.0794336000000002,0.7%,0.66846202,22:17:32 05/17/20,1332
616,LINK,10,-10.67937005,-5.6%,5.31871477,0.3%,4.98785929,22:17:43 05/17/20,1332
617,MATIC,11,5.90691257,0.1%,15.68287092,0.8%,-13.05520724,22:17:53 05/17/20,1332
618,CTSI,18,14.46366643,27.3%,1.43202476,0.9%,0.1693636,22:18:32 05/17/20,1333
619,FTM,5,5.19847265,5.5%,0.75127479,0.6%,0.75127479,22:20:38 05/17/20,1335
620,ENJ,18,29.38674979,1.8%,4.83460855,0.7%,4.53703757,22:22:24 05/17/20,1337
621,ALGO,11,14.58566802,7.7%,2.32866219,0.9%,-0.69503675,22:32:39 05/17/20,1347
622,COS,30,37.9731466,23.4%,1.27261907,0.3%,1.24536061,22:37:31 05/17/20,1352
623,ERD,4,7.01076501,23.9%,1.2484072,3.1%,1.2484072,22:40:30 05/17/20,1355
624,COS,31,40.18000473,24.0%,2.24238071,0.6%,2.20685813,22:43:33 05/17/20,1358
625,COS,33,41.00861605,24.9%,1.44352462,0.4%,0.25470112,22:45:32 05/17/20,1360
626,INS,22,39.25271709,19.9%,1.35335145,0.6%,1.33573605,22:50:21 05/17/20,1365
627,INS,24,42.39765684,21.3%,2.03156596,0.9%,2.02930154,22:52:21 05/17/20,1367
628,CDT,1,1.22042817,12.4%,1.22042817,12.4%,1.22042817,22:54:22 05/17/20,1369
629,BNT,23,15.23527231,36.1%,1.28751558,0.8%,1.21008446,22:57:19 05/17/20,1372
630,BNT,25,19.72620953,39.4%,4.07869196,2.4%,3.7945439,22:59:19 05/17/20,1374
631,RVN,12,16.75526845,7.1%,1.30821551,0.3%,1.30821551,22:59:53 05/17/20,1374
632,BNT,26,21.10498389,40.5%,2.05351328,1.2%,1.37877436,23:00:19 05/17/20,1375
633,REN,13,17.24827506,13.8%,3.74018236,1.9%,3.54369274,23:00:48 05/17/20,1375
634,TROY,5,6.90733529,7.5%,2.10203224,1.7%,1.82282184,23:00:54 05/17/20,1375
635,BNT,28,25.70215136,43.3%,2.23245054,1.2%,2.07916924,23:02:21 05/17/20,1377
636,BNT,30,33.94426268,49.8%,6.68839703,3.6%,3.08687243,23:04:19 05/17/20,1379
637,INS,26,46.95930838,23.4%,1.00969537,0.4%,0.92170929,23:04:21 05/17/20,1379
638,INS,27,50.21267460000001,24.9%,3.33348626,1.5%,3.25336622,23:05:21 05/17/20,1380
639,HIVE,4,5.92380861,39.2%,1.68311246,1.8%,0.52784336,23:05:41 05/17/20,1380
640,BNT,31,35.19212368,49.8%,3.11650189,1.6%,-1.22093825,23:07:21 05/17/20,1382
641,INS,29,54.79789192,26.9%,1.97978684,0.9%,1.93328354,23:07:24 05/17/20,1382
642,BNT,33,36.85706689,50.8%,0.85671932,0.4%,0.64957032,23:09:21 05/17/20,1384
643,INS,31,58.33155762,28.7%,1.91485319,0.8%,1.91485319,23:09:23 05/17/20,1384
644,CDT,2,2.80608759,25.8%,1.58565942,13.4%,1.58565942,23:09:23 05/17/20,1384
645,BNT,34,38.59559571,51.6%,1.74932434,0.9%,1.73852882,23:10:21 05/17/20,1385
646,BNT,36,40.65889916,53.2%,1.25577853,0.6%,0.47562919,23:12:21 05/17/20,1387
647,EOS,6,-23.43612868,-8.8%,6.34660092,0.7%,-3.6054111000000004,23:12:52 05/17/20,1387
648,BNT,38,45.60828496,56.0%,2.03464741,1.0%,1.59135793,23:14:21 05/17/20,1389
649,EOS,7,-23.78310777,-9.0%,5.43022134,0.6%,0.24528474,23:14:52 05/17/20,1389
650,BNT,39,45.93541854,57.1%,2.37279276,1.1%,0.32713358,23:15:19 05/17/20,1390
651,CTSI,20,17.01418143,29.9%,3.1991817000000005,1.8%,1.61947094,23:15:32 05/17/20,1390
652,ONT,3,-0.04550112,-5.3%,10.67717092,9.3%,-2.8273536,23:17:29 05/17/20,1392
653,ALGO,12,15.61756781,8.1%,1.06444489,0.4%,1.03189979,23:17:40 05/17/20,1392
654,BNT,40,46.14221772,56.4%,1.02769594,0.5%,0.4034055,23:20:19 05/17/20,1395
655,CTSI,22,19.18311158,30.5%,1.72687582,0.9%,-0.15507432,23:22:31 05/17/20,1397
656,NEO,16,19.22467319,12.3%,1.32148028,0.3%,1.32127068,23:24:19 05/17/20,1399
657,BNT,41,46.40523669,57.1%,1.65643069,0.7%,0.26301897,23:25:20 05/17/20,1400
658,CTSI,23,19.59891665,31.6%,2.01264581,1.1%,0.41580507,23:25:33 05/17/20,1400
659,EOS,8,-18.47425133,-6.8%,20.433937399999998,2.2%,5.30885644,23:25:52 05/17/20,1400
660,CTSI,25,22.32411418,34.8%,1.61222494,0.8%,0.45148454,23:27:33 05/17/20,1402
661,CTSI,27,23.97354199,38.9%,6.50880411,3.3%,1.50884885,23:29:32 05/17/20,1404
662,CTSI,27,23.06582822,36.3%,5.12565047,2.5%,-0.90771377,23:30:33 05/17/20,1405
663,EOS,9,-14.23175011,-5.8%,9.7804409,1.0%,4.24250122,23:30:51 05/17/20,1405
664,CTSI,28,25.07431914,35.9%,5.80519348,2.7%,-0.81201054,23:32:32 05/17/20,1407
665,EOS,10,-9.90584176,-5.0%,7.55214363,0.8%,4.32590835,23:32:50 05/17/20,1407
666,IOST,0,-26.548884,-80.4%,33.80750568,80.4%,-26.548884,23:34:40 05/17/20,1409
667,HIVE,6,6.19567159,39.8%,1.259763,1.2%,0.30079622,23:34:41 05/17/20,1409
668,ONT,3,-8.05134199,-15.3%,4.02740822,3.0%,-2.41430158,23:35:28 05/17/20,1410
669,CTSI,30,25.81276166,38.3%,1.19499278,0.5%,0.21509564,23:35:32 05/17/20,1410
670,XLM,13,16.82586805,2.8%,7.05399455,1.8%,-0.24630865,23:37:33 05/17/20,1412
671,EOS,10,-10.38004704,-5.6%,5.9819309,0.6%,-0.47420528,23:37:53 05/17/20,1412
672,CTSI,31,26.45276045,38.8%,1.11335503,0.5%,0.63999879,23:39:32 05/17/20,1414
673,HIVE,7,6.91664406,40.7%,1.01715639,0.9%,0.72097247,23:44:41 05/17/20,1419
674,HIVE,8,7.74875164,41.8%,1.25226364,1.0%,0.83210758,23:49:42 05/17/20,1424
675,CTSI,32,26.9018251,39.4%,1.37346981,0.6%,0.44906465,23:50:34 05/17/20,1425
676,EOS,12,8.00557236,-1.2%,17.00315763,1.6%,5.00741261,23:54:54 05/17/20,1429
677,XEM,1,0.13308329,-1.4%,2.60532617,2.2%,-0.57624387,23:55:40 05/17/20,1430
678,HIVE,10,9.12405219,46.5%,4.70756030,3.7%,0.59166526,23:57:43 05/17/20,1432
